semilla,auc_holdout,ganancia_sim
907871,0.942797670029076,366400000
908549,0.941830062940406,356800000
875969,0.942399533169854,352800000
966913,0.942470789039771,355200000
925921,0.941942831471157,360800000
