semilla,auc_holdout,ganancia_sim
907871,0.935759853002847,365600000
908549,0.935495829626023,372800000
875969,0.935621693492707,368800000
966913,0.93549202142504,364800000
925921,0.935506858841985,366400000
