semilla,auc_holdout,ganancia_sim
907871,0.931982554634269,3.64e+08
908549,0.932713101954949,366400000
875969,0.932087575958337,366400000
966913,0.932089909633412,369600000
925921,0.932419091596613,375200000
