semilla,auc_holdout,ganancia_sim
907871,0.935563761866979,369600000
908549,0.935080390870062,3.72e+08
875969,0.935801428093206,374400000
966913,0.935039071443471,366400000
925921,0.934907157858597,366400000
